,County,City,year,U Total,U Occupied,Pop Total
0,Alameda,Alameda,2010,32351.0,30123.0,73812.0
1,Alameda,Alameda,2011,32312.0,30114.0,74517.0
2,Alameda,Alameda,2012,32429.0,30156.0,75272.0
3,Alameda,Alameda,2013,32429.0,30322.0,75911.0
4,Alameda,Alameda,2014,32430.0,30265.0,76468.0
5,Alameda,Alameda,2015,32438.0,30289.0,77254.0
6,Alameda,Alameda,2016,32763.0,30695.0,78750.0
7,Alameda,Alameda,2017,32863.0,30580.0,78945.0
8,Alameda,Alameda,2018,32987.0,30619.0,78980.0
9,Alameda,Alameda,2019,33120.0,30742.0,79316.0
10,Alameda,Albany,2010,6712.0,6309.0,18539.0
11,Alameda,Albany,2011,6712.0,6314.0,18446.0
12,Alameda,Albany,2012,6717.0,6329.0,18628.0
13,Alameda,Albany,2013,6721.0,6361.0,18613.0
14,Alameda,Albany,2014,6722.0,6342.0,18584.0
15,Alameda,Albany,2015,6727.0,6337.0,18717.0
16,Alameda,Albany,2016,6732.0,6365.0,18749.0
17,Alameda,Albany,2017,6742.0,6375.0,18861.0
18,Alameda,Albany,2018,6930.0,6536.0,19216.0
19,Alameda,Albany,2019,6947.0,6552.0,19393.0
20,Alameda,Berkeley,2010,49454.0,46029.0,112580.0
21,Alameda,Berkeley,2011,49794.0,46350.0,114514.0
22,Alameda,Berkeley,2012,49774.0,46342.0,115515.0
23,Alameda,Berkeley,2013,49784.0,46379.0,116285.0
24,Alameda,Berkeley,2014,49869.0,46438.0,117754.0
25,Alameda,Berkeley,2015,50036.0,46584.0,119400.0
26,Alameda,Berkeley,2016,50180.0,46741.0,120012.0
27,Alameda,Berkeley,2017,50419.0,46914.0,121328.0
28,Alameda,Berkeley,2018,50953.0,47394.0,122369.0
29,Alameda,Berkeley,2019,51179.0,47604.0,123328.0
30,Alameda,Dublin,2010,15782.0,14913.0,46036.0
31,Alameda,Dublin,2011,16064.0,15201.0,46501.0
32,Alameda,Dublin,2012,16431.0,15596.0,47249.0
33,Alameda,Dublin,2013,17516.0,16759.0,50669.0
34,Alameda,Dublin,2014,18640.0,17726.0,53949.0
35,Alameda,Dublin,2015,19551.0,18542.0,56398.0
36,Alameda,Dublin,2016,20095.0,19184.0,57879.0
37,Alameda,Dublin,2017,20931.0,19703.0,59500.0
38,Alameda,Dublin,2018,21937.0,20553.0,61874.0
39,Alameda,Dublin,2019,22950.0,21502.0,64577.0
40,Alameda,Emeryville,2010,6646.0,5694.0,10080.0
41,Alameda,Emeryville,2011,6646.0,5722.0,10218.0
42,Alameda,Emeryville,2012,6652.0,5789.0,10426.0
43,Alameda,Emeryville,2013,6652.0,5954.0,10774.0
44,Alameda,Emeryville,2014,6719.0,5895.0,10777.0
45,Alameda,Emeryville,2015,6719.0,5838.0,10795.0
46,Alameda,Emeryville,2016,7125.0,6336.0,11738.0
47,Alameda,Emeryville,2017,7169.0,6375.0,11883.0
48,Alameda,Emeryville,2018,7170.0,6376.0,11871.0
49,Alameda,Emeryville,2019,7176.0,6381.0,11885.0
50,Alameda,Fremont,2010,73989.0,71004.0,214089.0
51,Alameda,Fremont,2011,74220.0,71278.0,216778.0
52,Alameda,Fremont,2012,74425.0,71590.0,219617.0
53,Alameda,Fremont,2013,74679.0,72143.0,222397.0
54,Alameda,Fremont,2014,75186.0,72411.0,225486.0
55,Alameda,Fremont,2015,75313.0,72426.0,228119.0
56,Alameda,Fremont,2016,75386.0,72753.0,229687.0
57,Alameda,Fremont,2017,75763.0,72569.0,230525.0
58,Alameda,Fremont,2018,76279.0,72879.0,231252.0
59,Alameda,Fremont,2019,76681.0,73263.0,232532.0
60,Alameda,Hayward,2010,48296.0,45365.0,144186.0
61,Alameda,Hayward,2011,48406.0,45530.0,146112.0
62,Alameda,Hayward,2012,48671.0,45914.0,148675.0
63,Alameda,Hayward,2013,48900.0,46493.0,151219.0
64,Alameda,Hayward,2014,49040.0,46367.0,152486.0
65,Alameda,Hayward,2015,49184.0,46377.0,154321.0
66,Alameda,Hayward,2016,49292.0,46780.0,156114.0
67,Alameda,Hayward,2017,49665.0,47136.0,158290.0
68,Alameda,Hayward,2018,49913.0,47370.0,158693.0
69,Alameda,Hayward,2019,50084.0,47532.0,159433.0
70,Alameda,Incorporated,2010,530350.0,495530.0,1369005.0
71,Alameda,Incorporated,2011,531702.0,497422.0,1385347.0
72,Alameda,Incorporated,2012,533014.0,499890.0,1403213.0
73,Alameda,Incorporated,2013,535429.0,505817.0,1425821.0
74,Alameda,Incorporated,2014,537907.0,507330.0,1444636.0
75,Alameda,Incorporated,2015,540185.0,509121.0,1465535.0
76,Alameda,Incorporated,2016,542605.0,514397.0,1483037.0
77,Alameda,Incorporated,2017,545773.0,516113.0,1497005.0
78,Alameda,Incorporated,2018,550697.0,520383.0,1507626.0
79,Alameda,Incorporated,2019,554627.0,524108.0,1519765.0
80,Alameda,Livermore,2010,30342.0,29134.0,80968.0
81,Alameda,Livermore,2011,30469.0,29258.0,82017.0
82,Alameda,Livermore,2012,30545.0,29335.0,82948.0
83,Alameda,Livermore,2013,30679.0,29473.0,83750.0
84,Alameda,Livermore,2014,30884.0,29663.0,85143.0
85,Alameda,Livermore,2015,31042.0,29811.0,86549.0
86,Alameda,Livermore,2016,31473.0,30233.0,87976.0
87,Alameda,Livermore,2017,31848.0,30576.0,89517.0
88,Alameda,Livermore,2018,32191.0,30899.0,90359.0
89,Alameda,Livermore,2019,32425.0,31124.0,91039.0
90,Alameda,Newark,2010,13414.0,12972.0,42573.0
91,Alameda,Newark,2011,13414.0,12976.0,42958.0
92,Alameda,Newark,2012,13414.0,12984.0,43363.0
93,Alameda,Newark,2013,13416.0,13009.0,43661.0
94,Alameda,Newark,2014,13419.0,12996.0,44062.0
95,Alameda,Newark,2015,13421.0,12990.0,44549.0
96,Alameda,Newark,2016,13470.0,13056.0,44882.0
97,Alameda,Newark,2017,13607.0,13149.0,45479.0
98,Alameda,Newark,2018,14147.0,13657.0,47178.0
99,Alameda,Newark,2019,14604.0,14098.0,48712.0
100,Alameda,Oakland,2010,169710.0,153791.0,390724.0
101,Alameda,Oakland,2011,169922.0,154390.0,395560.0
102,Alameda,Oakland,2012,170037.0,155381.0,401139.0
103,Alameda,Oakland,2013,170618.0,158297.0,410511.0
104,Alameda,Oakland,2014,170822.0,158494.0,415123.0
105,Alameda,Oakland,2015,171138.0,158783.0,420624.0
106,Alameda,Oakland,2016,171192.0,160806.0,426850.0
107,Alameda,Oakland,2017,171636.0,161217.0,430482.0
108,Alameda,Oakland,2018,172170.0,161711.0,431373.0
109,Alameda,Oakland,2019,172740.0,162246.0,432897.0
110,Alameda,Piedmont,2010,3924.0,3801.0,10667.0
111,Alameda,Piedmont,2011,3928.0,3808.0,10780.0
112,Alameda,Piedmont,2012,3932.0,3818.0,10903.0
113,Alameda,Piedmont,2013,3935.0,3837.0,11012.0
114,Alameda,Piedmont,2014,3937.0,3827.0,11097.0
115,Alameda,Piedmont,2015,3940.0,3824.0,11217.0
116,Alameda,Piedmont,2016,3943.0,3840.0,11292.0
117,Alameda,Piedmont,2017,3945.0,3842.0,11368.0
118,Alameda,Piedmont,2018,3949.0,3846.0,11368.0
119,Alameda,Piedmont,2019,3966.0,3863.0,11420.0
120,Alameda,Pleasanton,2010,26053.0,25245.0,70285.0
121,Alameda,Pleasanton,2011,26069.0,25250.0,70910.0
122,Alameda,Pleasanton,2012,26132.0,25287.0,71635.0
123,Alameda,Pleasanton,2013,26174.0,25264.0,71926.0
124,Alameda,Pleasanton,2014,26305.0,25436.0,73148.0
125,Alameda,Pleasanton,2015,26732.0,25871.0,75246.0
126,Alameda,Pleasanton,2016,26980.0,26057.0,76073.0
127,Alameda,Pleasanton,2017,27176.0,26247.0,77097.0
128,Alameda,Pleasanton,2018,28054.0,27095.0,79483.0
129,Alameda,Pleasanton,2019,28404.0,27433.0,80492.0
130,Alameda,San Leandro,2010,32419.0,30717.0,84950.0
131,Alameda,San Leandro,2011,32481.0,30794.0,85901.0
132,Alameda,San Leandro,2012,32485.0,30837.0,86769.0
133,Alameda,San Leandro,2013,32495.0,30951.0,87518.0
134,Alameda,San Leandro,2014,32503.0,30884.0,88218.0
135,Alameda,San Leandro,2015,32509.0,30854.0,89143.0
136,Alameda,San Leandro,2016,32510.0,30941.0,89605.0
137,Alameda,San Leandro,2017,32510.0,30759.0,89630.0
138,Alameda,San Leandro,2018,32516.0,30766.0,89552.0
139,Alameda,San Leandro,2019,32606.0,30851.0,89825.0
140,Alameda,Unincorporated,2010,51022.0,48516.0,141266.0
141,Alameda,Unincorporated,2011,51025.0,48522.0,142498.0
142,Alameda,Unincorporated,2012,51035.0,48539.0,143779.0
143,Alameda,Unincorporated,2013,51045.0,48568.0,144563.0
144,Alameda,Unincorporated,2014,51041.0,48551.0,145967.0
145,Alameda,Unincorporated,2015,51051.0,48554.0,147633.0
146,Alameda,Unincorporated,2016,51059.0,48577.0,148051.0
147,Alameda,Unincorporated,2017,51164.0,48644.0,149151.0
148,Alameda,Unincorporated,2018,51270.0,48734.0,149258.0
149,Alameda,Unincorporated,2019,51350.0,48810.0,149536.0
150,Alameda,Union City,2010,21258.0,20433.0,69516.0
151,Alameda,Union City,2011,21265.0,20437.0,70135.0
152,Alameda,Union City,2012,21370.0,20532.0,71074.0
153,Alameda,Union City,2013,21431.0,20575.0,71575.0
154,Alameda,Union City,2014,21431.0,20586.0,72341.0
155,Alameda,Union City,2015,21435.0,20595.0,73203.0
156,Alameda,Union City,2016,21464.0,20610.0,73430.0
157,Alameda,Union City,2017,21499.0,20671.0,74100.0
158,Alameda,Union City,2018,21501.0,20682.0,74058.0
159,Alameda,Union City,2019,21745.0,20917.0,74916.0
160,Contra Costa,Antioch,2010,34849.0,32252.0,102372.0
161,Contra Costa,Antioch,2011,34948.0,32413.0,103714.0
162,Contra Costa,Antioch,2012,35041.0,32650.0,105094.0
163,Contra Costa,Antioch,2013,35278.0,33278.0,107476.0
164,Contra Costa,Antioch,2014,35482.0,33178.0,108282.0
165,Contra Costa,Antioch,2015,35750.0,33286.0,109642.0
166,Contra Costa,Antioch,2016,35822.0,33694.0,111382.0
167,Contra Costa,Antioch,2017,35860.0,33730.0,112674.0
168,Contra Costa,Antioch,2018,35882.0,33750.0,113266.0
169,Contra Costa,Antioch,2019,36015.0,33875.0,113901.0
170,Contra Costa,Brentwood,2010,17523.0,16494.0,51481.0
171,Contra Costa,Brentwood,2011,17642.0,16627.0,52317.0
172,Contra Costa,Brentwood,2012,17740.0,16765.0,53068.0
173,Contra Costa,Brentwood,2013,17877.0,17019.0,54057.0
174,Contra Costa,Brentwood,2014,18242.0,17276.0,55450.0
175,Contra Costa,Brentwood,2015,18663.0,17630.0,57111.0
176,Contra Costa,Brentwood,2016,19116.0,18167.0,59063.0
177,Contra Costa,Brentwood,2017,19655.0,18440.0,60583.0
178,Contra Costa,Brentwood,2018,20154.0,18827.0,62140.0
179,Contra Costa,Brentwood,2019,20609.0,19252.0,63662.0
180,Contra Costa,Clayton,2010,4086.0,4006.0,10897.0
181,Contra Costa,Clayton,2011,4087.0,4005.0,10984.0
182,Contra Costa,Clayton,2012,4087.0,4001.0,11040.0
183,Contra Costa,Clayton,2013,4100.0,4004.0,11088.0
184,Contra Costa,Clayton,2014,4111.0,4022.0,11255.0
185,Contra Costa,Clayton,2015,4111.0,4025.0,11369.0
186,Contra Costa,Clayton,2016,4111.0,4017.0,11389.0
187,Contra Costa,Clayton,2017,4111.0,4034.0,11558.0
188,Contra Costa,Clayton,2018,4112.0,4041.0,11631.0
189,Contra Costa,Clayton,2019,4112.0,4041.0,11653.0
190,Contra Costa,Concord,2010,47125.0,44278.0,122067.0
191,Contra Costa,Concord,2011,47150.0,44349.0,123252.0
192,Contra Costa,Concord,2012,47153.0,44456.0,124285.0
193,Contra Costa,Concord,2013,47154.0,44712.0,125406.0
194,Contra Costa,Concord,2014,47155.0,44503.0,126149.0
195,Contra Costa,Concord,2015,47170.0,44353.0,127182.0
196,Contra Costa,Concord,2016,47207.0,44890.0,129171.0
197,Contra Costa,Concord,2017,47262.0,44452.0,129288.0
198,Contra Costa,Concord,2018,47290.0,44315.0,129493.0
199,Contra Costa,Concord,2019,47345.0,44367.0,129889.0
200,Contra Costa,Danville,2010,15934.0,15420.0,42039.0
201,Contra Costa,Danville,2011,15940.0,15409.0,42351.0
202,Contra Costa,Danville,2012,15950.0,15383.0,42532.0
203,Contra Costa,Danville,2013,15962.0,15394.0,42710.0
204,Contra Costa,Danville,2014,16010.0,15509.0,43480.0
205,Contra Costa,Danville,2015,16075.0,15605.0,44156.0
206,Contra Costa,Danville,2016,16158.0,15605.0,44318.0
207,Contra Costa,Danville,2017,16171.0,15618.0,44823.0
208,Contra Costa,Danville,2018,16196.0,15642.0,45103.0
209,Contra Costa,Danville,2019,16225.0,15670.0,45270.0
210,Contra Costa,El Cerrito,2010,10716.0,10142.0,23549.0
211,Contra Costa,El Cerrito,2011,10720.0,10146.0,23751.0
212,Contra Costa,El Cerrito,2012,10724.0,10151.0,23906.0
213,Contra Costa,El Cerrito,2013,10725.0,10155.0,23999.0
214,Contra Costa,El Cerrito,2014,10730.0,10157.0,24257.0
215,Contra Costa,El Cerrito,2015,10731.0,10157.0,24482.0
216,Contra Costa,El Cerrito,2016,10789.0,10215.0,24711.0
217,Contra Costa,El Cerrito,2017,10795.0,10215.0,24971.0
218,Contra Costa,El Cerrito,2018,10842.0,10257.0,25192.0
219,Contra Costa,El Cerrito,2019,10936.0,10346.0,25459.0
220,Contra Costa,Hercules,2010,8553.0,8115.0,24060.0
221,Contra Costa,Hercules,2011,8553.0,8121.0,24273.0
222,Contra Costa,Hercules,2012,8553.0,8134.0,24457.0
223,Contra Costa,Hercules,2013,8551.0,8166.0,24640.0
224,Contra Costa,Hercules,2014,8551.0,8142.0,24826.0
225,Contra Costa,Hercules,2015,8551.0,8130.0,25021.0
226,Contra Costa,Hercules,2016,8585.0,8191.0,25299.0
227,Contra Costa,Hercules,2017,8739.0,8277.0,25833.0
228,Contra Costa,Hercules,2018,8764.0,8280.0,25964.0
229,Contra Costa,Hercules,2019,8835.0,8347.0,26224.0
230,Contra Costa,Incorporated,2010,337862.0,317658.0,889240.0
231,Contra Costa,Incorporated,2011,338694.0,318707.0,899704.0
232,Contra Costa,Incorporated,2012,339830.0,320197.0,909453.0
233,Contra Costa,Incorporated,2013,341072.0,323114.0,921354.0
234,Contra Costa,Incorporated,2014,342339.0,323466.0,932077.0
235,Contra Costa,Incorporated,2015,344025.0,324454.0,944275.0
236,Contra Costa,Incorporated,2016,345894.0,327788.0,957201.0
237,Contra Costa,Incorporated,2017,348078.0,327691.0,967279.0
238,Contra Costa,Incorporated,2018,349948.0,328746.0,975413.0
239,Contra Costa,Incorporated,2019,351858.0,330535.0,982473.0
240,Contra Costa,Lafayette,2010,9651.0,9223.0,23893.0
241,Contra Costa,Lafayette,2011,9667.0,9229.0,24102.0
242,Contra Costa,Lafayette,2012,9674.0,9215.0,24210.0
243,Contra Costa,Lafayette,2013,9681.0,9221.0,24311.0
244,Contra Costa,Lafayette,2014,9752.0,9329.0,24854.0
245,Contra Costa,Lafayette,2015,9866.0,9458.0,25431.0
246,Contra Costa,Lafayette,2016,9901.0,9444.0,25486.0
247,Contra Costa,Lafayette,2017,9932.0,9474.0,25835.0
248,Contra Costa,Lafayette,2018,9943.0,9518.0,26077.0
249,Contra Costa,Lafayette,2019,10019.0,9591.0,26327.0
250,Contra Costa,Martinez,2010,14976.0,14287.0,35824.0
251,Contra Costa,Martinez,2011,14977.0,14292.0,36214.0
252,Contra Costa,Martinez,2012,14982.0,14306.0,36445.0
253,Contra Costa,Martinez,2013,15069.0,14414.0,36784.0
254,Contra Costa,Martinez,2014,15072.0,14399.0,37134.0
255,Contra Costa,Martinez,2015,15151.0,14466.0,37685.0
256,Contra Costa,Martinez,2016,15199.0,14532.0,37840.0
257,Contra Costa,Martinez,2017,15243.0,14530.0,38233.0
258,Contra Costa,Martinez,2018,15245.0,14517.0,38406.0
259,Contra Costa,Martinez,2019,15250.0,14522.0,38490.0
260,Contra Costa,Moraga,2010,5754.0,5570.0,16016.0
261,Contra Costa,Moraga,2011,5756.0,5577.0,16151.0
262,Contra Costa,Moraga,2012,5758.0,5590.0,16271.0
263,Contra Costa,Moraga,2013,5760.0,5621.0,16403.0
264,Contra Costa,Moraga,2014,5763.0,5603.0,16512.0
265,Contra Costa,Moraga,2015,5763.0,5593.0,16624.0
266,Contra Costa,Moraga,2016,5765.0,5619.0,16748.0
267,Contra Costa,Moraga,2017,5770.0,5573.0,16783.0
268,Contra Costa,Moraga,2018,5800.0,5585.0,16886.0
269,Contra Costa,Moraga,2019,5809.0,5594.0,16939.0
270,Contra Costa,Oakley,2010,11484.0,10727.0,35432.0
271,Contra Costa,Oakley,2011,11623.0,10879.0,36226.0
272,Contra Costa,Oakley,2012,11738.0,11035.0,36966.0
273,Contra Costa,Oakley,2013,11903.0,11323.0,38060.0
274,Contra Costa,Oakley,2014,12082.0,11397.0,38712.0
275,Contra Costa,Oakley,2015,12206.0,11467.0,39312.0
276,Contra Costa,Oakley,2016,12294.0,11663.0,40127.0
277,Contra Costa,Oakley,2017,12491.0,11606.0,40355.0
278,Contra Costa,Oakley,2018,12705.0,11722.0,40949.0
279,Contra Costa,Oakley,2019,12932.0,11931.0,41759.0
280,Contra Costa,Orinda,2010,6804.0,6553.0,17643.0
281,Contra Costa,Orinda,2011,6805.0,6554.0,17790.0
282,Contra Costa,Orinda,2012,6812.0,6561.0,17916.0
283,Contra Costa,Orinda,2013,6814.0,6564.0,17986.0
284,Contra Costa,Orinda,2014,6829.0,6578.0,18214.0
285,Contra Costa,Orinda,2015,6970.0,6714.0,18762.0
286,Contra Costa,Orinda,2016,6999.0,6743.0,18911.0
287,Contra Costa,Orinda,2017,7018.0,6760.0,19158.0
288,Contra Costa,Orinda,2018,7049.0,6789.0,19331.0
289,Contra Costa,Orinda,2019,7088.0,6827.0,19475.0
290,Contra Costa,Pinole,2010,7158.0,6775.0,18390.0
291,Contra Costa,Pinole,2011,7158.0,6775.0,18541.0
292,Contra Costa,Pinole,2012,7161.0,6779.0,18662.0
293,Contra Costa,Pinole,2013,7161.0,6781.0,18734.0
294,Contra Costa,Pinole,2014,7161.0,6779.0,18926.0
295,Contra Costa,Pinole,2015,7161.0,6778.0,19100.0
296,Contra Costa,Pinole,2016,7161.0,6780.0,19176.0
297,Contra Costa,Pinole,2017,7163.0,6778.0,19371.0
298,Contra Costa,Pinole,2018,7163.0,6777.0,19458.0
299,Contra Costa,Pinole,2019,7164.0,6778.0,19498.0
300,Contra Costa,Pittsburg,2010,21126.0,19527.0,63264.0
301,Contra Costa,Pittsburg,2011,21202.0,19624.0,64094.0
302,Contra Costa,Pittsburg,2012,21421.0,19826.0,65140.0
303,Contra Costa,Pittsburg,2013,21510.0,20068.0,66161.0
304,Contra Costa,Pittsburg,2014,21699.0,20130.0,67061.0
305,Contra Costa,Pittsburg,2015,21915.0,20274.0,68168.0
306,Contra Costa,Pittsburg,2016,22039.0,20524.0,69256.0
307,Contra Costa,Pittsburg,2017,22462.0,20626.0,70334.0
308,Contra Costa,Pittsburg,2018,22999.0,21020.0,72006.0
309,Contra Costa,Pittsburg,2019,23126.0,21136.0,72541.0
310,Contra Costa,Pleasant Hill,2010,14321.0,13708.0,33152.0
311,Contra Costa,Pleasant Hill,2011,14322.0,13714.0,33433.0
312,Contra Costa,Pleasant Hill,2012,14321.0,13712.0,33628.0
313,Contra Costa,Pleasant Hill,2013,14324.0,13744.0,33821.0
314,Contra Costa,Pleasant Hill,2014,14327.0,13726.0,34130.0
315,Contra Costa,Pleasant Hill,2015,14329.0,13718.0,34425.0
316,Contra Costa,Pleasant Hill,2016,14329.0,13742.0,34609.0
317,Contra Costa,Pleasant Hill,2017,14332.0,13694.0,34850.0
318,Contra Costa,Pleasant Hill,2018,14332.0,13677.0,34969.0
319,Contra Costa,Pleasant Hill,2019,14340.0,13685.0,35055.0
320,Contra Costa,Richmond,2010,39328.0,36093.0,103701.0
321,Contra Costa,Richmond,2011,39377.0,36178.0,104936.0
322,Contra Costa,Richmond,2012,39398.0,36197.0,105558.0
323,Contra Costa,Richmond,2013,39401.0,36432.0,106682.0
324,Contra Costa,Richmond,2014,39398.0,36429.0,107642.0
325,Contra Costa,Richmond,2015,39396.0,36347.0,108559.0
326,Contra Costa,Richmond,2016,39515.0,36649.0,109646.0
327,Contra Costa,Richmond,2017,39635.0,36351.0,109863.0
328,Contra Costa,Richmond,2018,39664.0,36241.0,110128.0
329,Contra Costa,Richmond,2019,39786.0,36352.0,110436.0
330,Contra Costa,San Pablo,2010,9571.0,8761.0,29139.0
331,Contra Costa,San Pablo,2011,9465.0,8690.0,29138.0
332,Contra Costa,San Pablo,2012,9476.0,8756.0,29531.0
333,Contra Costa,San Pablo,2013,9476.0,8907.0,30136.0
334,Contra Costa,San Pablo,2014,9475.0,8906.0,30448.0
335,Contra Costa,San Pablo,2015,9483.0,8861.0,30576.0
336,Contra Costa,San Pablo,2016,9526.0,9026.0,31250.0
337,Contra Costa,San Pablo,2017,9526.0,9026.0,31577.0
338,Contra Costa,San Pablo,2018,9530.0,9030.0,31737.0
339,Contra Costa,San Pablo,2019,9536.0,9036.0,31817.0
340,Contra Costa,San Ramon,2010,26222.0,25284.0,72148.0
341,Contra Costa,San Ramon,2011,26470.0,25513.0,73395.0
342,Contra Costa,San Ramon,2012,26902.0,25907.0,74977.0
343,Contra Costa,San Ramon,2013,27342.0,26331.0,76469.0
344,Contra Costa,San Ramon,2014,27492.0,26518.0,77826.0
345,Contra Costa,San Ramon,2015,27696.0,26736.0,79197.0
346,Contra Costa,San Ramon,2016,27892.0,26875.0,79899.0
347,Contra Costa,San Ramon,2017,28307.0,27276.0,81947.0
348,Contra Costa,San Ramon,2018,28599.0,27557.0,83179.0
349,Contra Costa,San Ramon,2019,28811.0,27761.0,83957.0
350,Contra Costa,Unincorporated,2010,62401.0,57706.0,159785.0
351,Contra Costa,Unincorporated,2011,62695.0,58021.0,161987.0
352,Contra Costa,Unincorporated,2012,62995.0,58393.0,164067.0
353,Contra Costa,Unincorporated,2013,63040.0,58688.0,165377.0
354,Contra Costa,Unincorporated,2014,63489.0,58924.0,167766.0
355,Contra Costa,Unincorporated,2015,63636.0,58972.0,169484.0
356,Contra Costa,Unincorporated,2016,63889.0,59418.0,171373.0
357,Contra Costa,Unincorporated,2017,64120.0,59182.0,172467.0
358,Contra Costa,Unincorporated,2018,63975.0,58898.0,172466.0
359,Contra Costa,Unincorporated,2019,64204.0,59109.0,173406.0
360,Contra Costa,Walnut Creek,2010,32681.0,30443.0,64173.0
361,Contra Costa,Walnut Creek,2011,32832.0,30612.0,65042.0
362,Contra Costa,Walnut Creek,2012,32939.0,30773.0,65767.0
363,Contra Costa,Walnut Creek,2013,32984.0,30980.0,66431.0
364,Contra Costa,Walnut Creek,2014,33008.0,30885.0,66919.0
365,Contra Costa,Walnut Creek,2015,33038.0,30856.0,67473.0
366,Contra Costa,Walnut Creek,2016,33486.0,31412.0,68920.0
367,Contra Costa,Walnut Creek,2017,33606.0,31231.0,69243.0
368,Contra Costa,Walnut Creek,2018,33679.0,31201.0,69498.0
369,Contra Costa,Walnut Creek,2019,33920.0,31424.0,70121.0
370,Marin,Belvedere,2010,1045.0,928.0,2068.0
371,Marin,Belvedere,2011,1045.0,928.0,2081.0
372,Marin,Belvedere,2012,1045.0,928.0,2104.0
373,Marin,Belvedere,2013,1046.0,928.0,2112.0
374,Marin,Belvedere,2014,1044.0,927.0,2133.0
375,Marin,Belvedere,2015,1045.0,928.0,2148.0
376,Marin,Belvedere,2016,1048.0,930.0,2160.0
377,Marin,Belvedere,2017,1047.0,929.0,2154.0
378,Marin,Belvedere,2018,1048.0,930.0,2148.0
379,Marin,Belvedere,2019,1049.0,931.0,2148.0
380,Marin,Corte Madera,2010,4026.0,3793.0,9253.0
381,Marin,Corte Madera,2011,4026.0,3795.0,9315.0
382,Marin,Corte Madera,2012,4026.0,3799.0,9433.0
383,Marin,Corte Madera,2013,4025.0,3808.0,9487.0
384,Marin,Corte Madera,2014,4026.0,3802.0,9582.0
385,Marin,Corte Madera,2015,4026.0,3799.0,9628.0
386,Marin,Corte Madera,2016,4027.0,3808.0,9684.0
387,Marin,Corte Madera,2017,4027.0,3808.0,9665.0
388,Marin,Corte Madera,2018,4207.0,3972.0,10043.0
389,Marin,Corte Madera,2019,4213.0,3978.0,10047.0
390,Marin,Fairfax,2010,3585.0,3379.0,7441.0
391,Marin,Fairfax,2011,3585.0,3371.0,7471.0
392,Marin,Fairfax,2012,3586.0,3355.0,7523.0
393,Marin,Fairfax,2013,3586.0,3355.0,7549.0
394,Marin,Fairfax,2014,3583.0,3352.0,7630.0
395,Marin,Fairfax,2015,3586.0,3371.0,7716.0
396,Marin,Fairfax,2016,3586.0,3371.0,7742.0
397,Marin,Fairfax,2017,3589.0,3374.0,7733.0
398,Marin,Fairfax,2018,3594.0,3379.0,7714.0
399,Marin,Fairfax,2019,3601.0,3386.0,7721.0
400,Marin,Incorporated,2010,81718.0,77017.0,184982.0
401,Marin,Incorporated,2011,81789.0,77087.0,186334.0
402,Marin,Incorporated,2012,81864.0,77090.0,188463.0
403,Marin,Incorporated,2013,81958.0,77471.0,190076.0
404,Marin,Incorporated,2014,82059.0,77400.0,192022.0
405,Marin,Incorporated,2015,82178.0,77439.0,193169.0
406,Marin,Incorporated,2016,82254.0,77499.0,193863.0
407,Marin,Incorporated,2017,82310.0,77552.0,193661.0
408,Marin,Incorporated,2018,82571.0,77802.0,193566.0
409,Marin,Incorporated,2019,82640.0,77868.0,193536.0
410,Marin,Larkspur,2010,6376.0,5908.0,11926.0
411,Marin,Larkspur,2011,6376.0,5903.0,11990.0
412,Marin,Larkspur,2012,6380.0,5896.0,12113.0
413,Marin,Larkspur,2013,6380.0,5896.0,12153.0
414,Marin,Larkspur,2014,6383.0,5920.0,12342.0
415,Marin,Larkspur,2015,6438.0,5981.0,12540.0
416,Marin,Larkspur,2016,6473.0,6013.0,12650.0
417,Marin,Larkspur,2017,6480.0,6020.0,12639.0
418,Marin,Larkspur,2018,6479.0,6019.0,12588.0
419,Marin,Larkspur,2019,6480.0,6020.0,12578.0
420,Marin,Mill Valley,2010,6534.0,6084.0,13903.0
421,Marin,Mill Valley,2011,6561.0,6118.0,14067.0
422,Marin,Mill Valley,2012,6591.0,6146.0,14295.0
423,Marin,Mill Valley,2013,6600.0,6204.0,14477.0
424,Marin,Mill Valley,2014,6610.0,6178.0,14583.0
425,Marin,Mill Valley,2015,6618.0,6168.0,14645.0
426,Marin,Mill Valley,2016,6628.0,6178.0,14718.0
427,Marin,Mill Valley,2017,6634.0,6183.0,14702.0
428,Marin,Mill Valley,2018,6645.0,6193.0,14669.0
429,Marin,Mill Valley,2019,6654.0,6201.0,14675.0
430,Marin,Novato,2010,21158.0,20279.0,51904.0
431,Marin,Novato,2011,21196.0,20294.0,52273.0
432,Marin,Novato,2012,21241.0,20282.0,52834.0
433,Marin,Novato,2013,21318.0,20404.0,53320.0
434,Marin,Novato,2014,21374.0,20422.0,53988.0
435,Marin,Novato,2015,21395.0,20417.0,54292.0
436,Marin,Novato,2016,21414.0,20400.0,54362.0
437,Marin,Novato,2017,21421.0,20407.0,54276.0
438,Marin,Novato,2018,21448.0,20442.0,54161.0
439,Marin,Novato,2019,21451.0,20445.0,54115.0
440,Marin,Ross,2010,884.0,798.0,2415.0
441,Marin,Ross,2011,885.0,799.0,2433.0
442,Marin,Ross,2012,885.0,799.0,2462.0
443,Marin,Ross,2013,889.0,804.0,2484.0
444,Marin,Ross,2014,889.0,803.0,2510.0
445,Marin,Ross,2015,890.0,804.0,2526.0
446,Marin,Ross,2016,891.0,806.0,2540.0
447,Marin,Ross,2017,891.0,806.0,2535.0
448,Marin,Ross,2018,892.0,807.0,2528.0
449,Marin,Ross,2019,892.0,807.0,2526.0
450,Marin,San Anselmo,2010,5538.0,5243.0,12336.0
451,Marin,San Anselmo,2011,5538.0,5246.0,12421.0
452,Marin,San Anselmo,2012,5539.0,5254.0,12585.0
453,Marin,San Anselmo,2013,5540.0,5274.0,12675.0
454,Marin,San Anselmo,2014,5542.0,5262.0,12793.0
455,Marin,San Anselmo,2015,5546.0,5259.0,12860.0
456,Marin,San Anselmo,2016,5549.0,5277.0,12949.0
457,Marin,San Anselmo,2017,5549.0,5277.0,12925.0
458,Marin,San Anselmo,2018,5563.0,5290.0,12908.0
459,Marin,San Anselmo,2019,5566.0,5293.0,12902.0
460,Marin,San Rafael,2010,24011.0,22764.0,57713.0
461,Marin,San Rafael,2011,24014.0,22788.0,58148.0
462,Marin,San Rafael,2012,24008.0,22782.0,58772.0
463,Marin,San Rafael,2013,24011.0,22908.0,59321.0
464,Marin,San Rafael,2014,24035.0,22843.0,59791.0
465,Marin,San Rafael,2015,24033.0,22799.0,60017.0
466,Marin,San Rafael,2016,24033.0,22799.0,60196.0
467,Marin,San Rafael,2017,24060.0,22824.0,60191.0
468,Marin,San Rafael,2018,24078.0,22842.0,60020.0
469,Marin,San Rafael,2019,24114.0,22876.0,60046.0
470,Marin,Sausalito,2010,4536.0,4112.0,7061.0
471,Marin,Sausalito,2011,4537.0,4108.0,7098.0
472,Marin,Sausalito,2012,4537.0,4097.0,7162.0
473,Marin,Sausalito,2013,4537.0,4097.0,7186.0
474,Marin,Sausalito,2014,4546.0,4126.0,7321.0
475,Marin,Sausalito,2015,4572.0,4160.0,7424.0
476,Marin,Sausalito,2016,4576.0,4164.0,7457.0
477,Marin,Sausalito,2017,4581.0,4169.0,7450.0
478,Marin,Sausalito,2018,4581.0,4169.0,7421.0
479,Marin,Sausalito,2019,4582.0,4170.0,7416.0
480,Marin,Tiburon,2010,4025.0,3729.0,8962.0
481,Marin,Tiburon,2011,4026.0,3737.0,9037.0
482,Marin,Tiburon,2012,4026.0,3752.0,9180.0
483,Marin,Tiburon,2013,4026.0,3793.0,9312.0
484,Marin,Tiburon,2014,4027.0,3765.0,9349.0
485,Marin,Tiburon,2015,4029.0,3753.0,9373.0
486,Marin,Tiburon,2016,4029.0,3753.0,9405.0
487,Marin,Tiburon,2017,4031.0,3755.0,9391.0
488,Marin,Tiburon,2018,4036.0,3759.0,9366.0
489,Marin,Tiburon,2019,4038.0,3761.0,9362.0
490,Marin,Unincorporated,2010,29496.0,26193.0,67427.0
491,Marin,Unincorporated,2011,29534.0,26227.0,68183.0
492,Marin,Unincorporated,2012,29569.0,26258.0,68195.0
493,Marin,Unincorporated,2013,29581.0,26272.0,68036.0
494,Marin,Unincorporated,2014,29597.0,26272.0,68891.0
495,Marin,Unincorporated,2015,29628.0,26300.0,69340.0
496,Marin,Unincorporated,2016,29658.0,26335.0,69281.0
497,Marin,Unincorporated,2017,29689.0,26363.0,69266.0
498,Marin,Unincorporated,2018,29723.0,26393.0,69237.0
499,Marin,Unincorporated,2019,29754.0,26421.0,69343.0
500,Napa,American Canyon,2010,5982.0,5657.0,19454.0
501,Napa,American Canyon,2011,6018.0,5697.0,19665.0
502,Napa,American Canyon,2012,6040.0,5730.0,19923.0
503,Napa,American Canyon,2013,6061.0,5784.0,20163.0
504,Napa,American Canyon,2014,6071.0,5770.0,20272.0
505,Napa,American Canyon,2015,6072.0,5771.0,20299.0
506,Napa,American Canyon,2016,6069.0,5768.0,20369.0
507,Napa,American Canyon,2017,6129.0,5825.0,20477.0
508,Napa,American Canyon,2018,6212.0,5884.0,20630.0
509,Napa,American Canyon,2019,6212.0,5884.0,20629.0
510,Napa,Calistoga,2010,2319.0,2019.0,5155.0
511,Napa,Calistoga,2011,2319.0,2016.0,5168.0
512,Napa,Calistoga,2012,2320.0,2011.0,5193.0
513,Napa,Calistoga,2013,2319.0,2010.0,5205.0
514,Napa,Calistoga,2014,2320.0,2022.0,5277.0
515,Napa,Calistoga,2015,2320.0,2027.0,5297.0
516,Napa,Calistoga,2016,2370.0,2058.0,5397.0
517,Napa,Calistoga,2017,2372.0,2060.0,5377.0
518,Napa,Calistoga,2018,2374.0,2071.0,5391.0
519,Napa,Calistoga,2019,2407.0,2100.0,5453.0
520,Napa,Incorporated,2010,42478.0,39293.0,110271.0
521,Napa,Incorporated,2011,42568.0,39371.0,110951.0
522,Napa,Incorporated,2012,42665.0,39462.0,111986.0
523,Napa,Incorporated,2013,42733.0,39546.0,112549.0
524,Napa,Incorporated,2014,42807.0,39631.0,113616.0
525,Napa,Incorporated,2015,42904.0,39739.0,113985.0
526,Napa,Incorporated,2016,43021.0,39818.0,114581.0
527,Napa,Incorporated,2017,43190.0,39989.0,114532.0
528,Napa,Incorporated,2018,43342.0,40131.0,114573.0
529,Napa,Incorporated,2019,43427.0,40208.0,114621.0
530,Napa,Napa,2010,30149.0,28166.0,76915.0
531,Napa,Napa,2011,30176.0,28190.0,77279.0
532,Napa,Napa,2012,30243.0,28250.0,77996.0
533,Napa,Napa,2013,30295.0,28292.0,78321.0
534,Napa,Napa,2014,30324.0,28324.0,79010.0
535,Napa,Napa,2015,30374.0,28373.0,79234.0
536,Napa,Napa,2016,30423.0,28413.0,79587.0
537,Napa,Napa,2017,30525.0,28520.0,79546.0
538,Napa,Napa,2018,30588.0,28583.0,79495.0
539,Napa,Napa,2019,30626.0,28619.0,79490.0
540,Napa,St Helena,2010,2776.0,2401.0,5814.0
541,Napa,St Helena,2011,2775.0,2399.0,5830.0
542,Napa,St Helena,2012,2782.0,2402.0,5879.0
543,Napa,St Helena,2013,2782.0,2394.0,5874.0
544,Napa,St Helena,2014,2810.0,2424.0,5993.0
545,Napa,St Helena,2015,2847.0,2459.0,6085.0
546,Napa,St Helena,2016,2867.0,2469.0,6134.0
547,Napa,St Helena,2017,2870.0,2472.0,6113.0
548,Napa,St Helena,2018,2874.0,2481.0,6119.0
549,Napa,St Helena,2019,2887.0,2492.0,6133.0
550,Napa,Unincorporated,2010,12281.0,9583.0,26213.0
551,Napa,Unincorporated,2011,12314.0,9561.0,26284.0
552,Napa,Unincorporated,2012,12332.0,9575.0,26511.0
553,Napa,Unincorporated,2013,12351.0,9589.0,26636.0
554,Napa,Unincorporated,2014,12356.0,9593.0,26798.0
555,Napa,Unincorporated,2015,12363.0,9695.0,27117.0
556,Napa,Unincorporated,2016,12359.0,9692.0,27197.0
557,Napa,Unincorporated,2017,12377.0,9706.0,27186.0
558,Napa,Unincorporated,2018,11815.0,9422.0,26393.0
559,Napa,Unincorporated,2019,11753.0,9373.0,26158.0
560,Napa,Yountville,2010,1252.0,1050.0,2933.0
561,Napa,Yountville,2011,1280.0,1069.0,3009.0
562,Napa,Yountville,2012,1280.0,1069.0,2995.0
563,Napa,Yountville,2013,1276.0,1066.0,2986.0
564,Napa,Yountville,2014,1282.0,1091.0,3064.0
565,Napa,Yountville,2015,1291.0,1109.0,3070.0
566,Napa,Yountville,2016,1292.0,1110.0,3094.0
567,Napa,Yountville,2017,1294.0,1112.0,3019.0
568,Napa,Yountville,2018,1294.0,1112.0,2938.0
569,Napa,Yountville,2019,1295.0,1113.0,2916.0
570,San Francisco,San Francisco,2010,376162.0,345168.0,805235.0
571,San Francisco,San Francisco,2011,377188.0,346516.0,816453.0
572,San Francisco,San Francisco,2012,377487.0,347293.0,827370.0
573,San Francisco,San Francisco,2013,378766.0,349822.0,841341.0
574,San Francisco,San Francisco,2014,381143.0,351048.0,849421.0
575,San Francisco,San Francisco,2015,384657.0,353810.0,858708.0
576,San Francisco,San Francisco,2016,387505.0,357570.0,865992.0
577,San Francisco,San Francisco,2017,392619.0,359839.0,873352.0
578,San Francisco,San Francisco,2018,397083.0,363104.0,880980.0
579,San Francisco,San Francisco,2019,399372.0,365197.0,883869.0
580,San Mateo,Atherton,2010,2530.0,2330.0,6914.0
581,San Mateo,Atherton,2011,2513.0,2313.0,6931.0
582,San Mateo,Atherton,2012,2493.0,2297.0,6954.0
583,San Mateo,Atherton,2013,2477.0,2282.0,6987.0
584,San Mateo,Atherton,2014,2464.0,2265.0,6971.0
585,San Mateo,Atherton,2015,2454.0,2253.0,6977.0
586,San Mateo,Atherton,2016,2453.0,2252.0,6990.0
587,San Mateo,Atherton,2017,2466.0,2264.0,7023.0
588,San Mateo,Atherton,2018,2478.0,2271.0,7042.0
589,San Mateo,Atherton,2019,2492.0,2284.0,7070.0
590,San Mateo,Belmont,2010,11028.0,10575.0,25835.0
591,San Mateo,Belmont,2011,11033.0,10580.0,26101.0
592,San Mateo,Belmont,2012,11035.0,10590.0,26386.0
593,San Mateo,Belmont,2013,11037.0,10612.0,26739.0
594,San Mateo,Belmont,2014,11042.0,10602.0,26849.0
595,San Mateo,Belmont,2015,11047.0,10600.0,27005.0
596,San Mateo,Belmont,2016,11067.0,10636.0,27154.0
597,San Mateo,Belmont,2017,11070.0,10639.0,27156.0
598,San Mateo,Belmont,2018,11082.0,10651.0,27182.0
599,San Mateo,Belmont,2019,11089.0,10658.0,27174.0
600,San Mateo,Brisbane,2010,1934.0,1821.0,4282.0
601,San Mateo,Brisbane,2011,1941.0,1829.0,4343.0
602,San Mateo,Brisbane,2012,1943.0,1829.0,4387.0
603,San Mateo,Brisbane,2013,1943.0,1824.0,4424.0
604,San Mateo,Brisbane,2014,1949.0,1834.0,4470.0
605,San Mateo,Brisbane,2015,1984.0,1869.0,4583.0
606,San Mateo,Brisbane,2016,2016.0,1894.0,4655.0
607,San Mateo,Brisbane,2017,2022.0,1900.0,4668.0
608,San Mateo,Brisbane,2018,2028.0,1909.0,4689.0
609,San Mateo,Brisbane,2019,2032.0,1913.0,4691.0
610,San Mateo,Burlingame,2010,13027.0,12361.0,28806.0
611,San Mateo,Burlingame,2011,13025.0,12363.0,29095.0
612,San Mateo,Burlingame,2012,13025.0,12353.0,29365.0
613,San Mateo,Burlingame,2013,13074.0,12399.0,29807.0
614,San Mateo,Burlingame,2014,13074.0,12418.0,30003.0
615,San Mateo,Burlingame,2015,13077.0,12430.0,30214.0
616,San Mateo,Burlingame,2016,13114.0,12443.0,30312.0
617,San Mateo,Burlingame,2017,13114.0,12444.0,30306.0
618,San Mateo,Burlingame,2018,13116.0,12461.0,30345.0
619,San Mateo,Burlingame,2019,13120.0,12465.0,30317.0
620,San Mateo,Colma,2010,446.0,430.0,1454.0
621,San Mateo,Colma,2011,446.0,430.0,1467.0
622,San Mateo,Colma,2012,446.0,431.0,1462.0
623,San Mateo,Colma,2013,446.0,433.0,1485.0
624,San Mateo,Colma,2014,446.0,432.0,1489.0
625,San Mateo,Colma,2015,446.0,431.0,1496.0
626,San Mateo,Colma,2016,446.0,432.0,1504.0
627,San Mateo,Colma,2017,446.0,432.0,1504.0
628,San Mateo,Colma,2018,442.0,427.0,1487.0
629,San Mateo,Colma,2019,450.0,435.0,1512.0
630,San Mateo,Daly City,2010,32576.0,31079.0,101072.0
631,San Mateo,Daly City,2011,32597.0,31088.0,102103.0
632,San Mateo,Daly City,2012,32702.0,31295.0,103824.0
633,San Mateo,Daly City,2013,32720.0,31599.0,106026.0
634,San Mateo,Daly City,2014,32976.0,31640.0,106703.0
635,San Mateo,Daly City,2015,32980.0,31544.0,107035.0
636,San Mateo,Daly City,2016,33029.0,31830.0,108236.0
637,San Mateo,Daly City,2017,33087.0,31885.0,108393.0
638,San Mateo,Daly City,2018,33255.0,32047.0,108927.0
639,San Mateo,Daly City,2019,33363.0,32151.0,109122.0
640,San Mateo,East Palo Alto,2010,7819.0,6940.0,28155.0
641,San Mateo,East Palo Alto,2011,7821.0,6947.0,28463.0
642,San Mateo,East Palo Alto,2012,7822.0,6983.0,28903.0
643,San Mateo,East Palo Alto,2013,7822.0,7078.0,29630.0
644,San Mateo,East Palo Alto,2014,7823.0,7079.0,29786.0
645,San Mateo,East Palo Alto,2015,7825.0,7048.0,29838.0
646,San Mateo,East Palo Alto,2016,7836.0,7137.0,30278.0
647,San Mateo,East Palo Alto,2017,7860.0,7159.0,30362.0
648,San Mateo,East Palo Alto,2018,7891.0,7187.0,30478.0
649,San Mateo,East Palo Alto,2019,7908.0,7202.0,30499.0
650,San Mateo,Foster City,2010,12458.0,12016.0,30567.0
651,San Mateo,Foster City,2011,12458.0,12035.0,30919.0
652,San Mateo,Foster City,2012,12458.0,12029.0,31221.0
653,San Mateo,Foster City,2013,12458.0,12014.0,31540.0
654,San Mateo,Foster City,2014,12765.0,12321.0,32508.0
655,San Mateo,Foster City,2015,12766.0,12327.0,32724.0
656,San Mateo,Foster City,2016,12766.0,12314.0,32763.0
657,San Mateo,Foster City,2017,12840.0,12385.0,32944.0
658,San Mateo,Foster City,2018,12879.0,12432.0,33094.0
659,San Mateo,Foster City,2019,13152.0,12696.0,33693.0
660,San Mateo,Half Moon Bay,2010,4395.0,4149.0,11324.0
661,San Mateo,Half Moon Bay,2011,4401.0,4164.0,11478.0
662,San Mateo,Half Moon Bay,2012,4408.0,4153.0,11564.0
663,San Mateo,Half Moon Bay,2013,4415.0,4112.0,11581.0
664,San Mateo,Half Moon Bay,2014,4429.0,4159.0,11773.0
665,San Mateo,Half Moon Bay,2015,4523.0,4264.0,12144.0
666,San Mateo,Half Moon Bay,2016,4649.0,4341.0,12391.0
667,San Mateo,Half Moon Bay,2017,4668.0,4359.0,12438.0
668,San Mateo,Half Moon Bay,2018,4682.0,4402.0,12558.0
669,San Mateo,Half Moon Bay,2019,4716.0,4434.0,12631.0
670,San Mateo,Hillsborough,2010,3912.0,3693.0,10825.0
671,San Mateo,Hillsborough,2011,3920.0,3700.0,10954.0
672,San Mateo,Hillsborough,2012,3935.0,3700.0,11067.0
673,San Mateo,Hillsborough,2013,3945.0,3672.0,11110.0
674,San Mateo,Hillsborough,2014,3961.0,3713.0,11293.0
675,San Mateo,Hillsborough,2015,3990.0,3753.0,11485.0
676,San Mateo,Hillsborough,2016,4009.0,3771.0,11565.0
677,San Mateo,Hillsborough,2017,4037.0,3797.0,11643.0
678,San Mateo,Hillsborough,2018,4050.0,3831.0,11748.0
679,San Mateo,Hillsborough,2019,4063.0,3843.0,11769.0
680,San Mateo,Incorporated,2010,248526.0,236778.0,656840.0
681,San Mateo,Incorporated,2011,248916.0,237162.0,664337.0
682,San Mateo,Incorporated,2012,249596.0,237872.0,673102.0
683,San Mateo,Incorporated,2013,249894.0,238428.0,682725.0
684,San Mateo,Incorporated,2014,250945.0,239356.0,688685.0
685,San Mateo,Incorporated,2015,252023.0,240329.0,695505.0
686,San Mateo,Incorporated,2016,253388.0,241820.0,701192.0
687,San Mateo,Incorporated,2017,254506.0,242878.0,703998.0
688,San Mateo,Incorporated,2018,255282.0,243765.0,706605.0
689,San Mateo,Incorporated,2019,256362.0,244802.0,708458.0
690,San Mateo,Menlo Park,2010,13085.0,12347.0,32026.0
691,San Mateo,Menlo Park,2011,13098.0,12335.0,32357.0
692,San Mateo,Menlo Park,2012,13129.0,12344.0,32700.0
693,San Mateo,Menlo Park,2013,13124.0,12339.0,33001.0
694,San Mateo,Menlo Park,2014,13117.0,12333.0,33098.0
695,San Mateo,Menlo Park,2015,13180.0,12411.0,33506.0
696,San Mateo,Menlo Park,2016,13185.0,12416.0,33594.0
697,San Mateo,Menlo Park,2017,13921.0,13109.0,35408.0
698,San Mateo,Menlo Park,2018,14037.0,13252.0,35802.0
699,San Mateo,Menlo Park,2019,14063.0,13277.0,35790.0
700,San Mateo,Millbrae,2010,8372.0,7994.0,21532.0
701,San Mateo,Millbrae,2011,8383.0,7991.0,21736.0
702,San Mateo,Millbrae,2012,8562.0,8137.0,22350.0
703,San Mateo,Millbrae,2013,8562.0,8070.0,22419.0
704,San Mateo,Millbrae,2014,8562.0,8118.0,22664.0
705,San Mateo,Millbrae,2015,8616.0,8193.0,23008.0
706,San Mateo,Millbrae,2016,8619.0,8196.0,23066.0
707,San Mateo,Millbrae,2017,8620.0,8197.0,23061.0
708,San Mateo,Millbrae,2018,8620.0,8237.0,23168.0
709,San Mateo,Millbrae,2019,8624.0,8241.0,23154.0
710,San Mateo,Pacifica,2010,14523.0,13967.0,37234.0
711,San Mateo,Pacifica,2011,14531.0,13964.0,37598.0
712,San Mateo,Pacifica,2012,14533.0,13951.0,37946.0
713,San Mateo,Pacifica,2013,14539.0,13917.0,38286.0
714,San Mateo,Pacifica,2014,14542.0,13948.0,38568.0
715,San Mateo,Pacifica,2015,14541.0,13961.0,38840.0
716,San Mateo,Pacifica,2016,14547.0,13934.0,38850.0
717,San Mateo,Pacifica,2017,14510.0,13899.0,38743.0
718,San Mateo,Pacifica,2018,14502.0,13891.0,38718.0
719,San Mateo,Pacifica,2019,14505.0,13894.0,38674.0
720,San Mateo,Portola Valley,2010,1895.0,1746.0,4353.0
721,San Mateo,Portola Valley,2011,1898.0,1746.0,4397.0
722,San Mateo,Portola Valley,2012,1900.0,1756.0,4466.0
723,San Mateo,Portola Valley,2013,1902.0,1778.0,4574.0
724,San Mateo,Portola Valley,2014,1899.0,1761.0,4553.0
725,San Mateo,Portola Valley,2015,1906.0,1760.0,4579.0
726,San Mateo,Portola Valley,2016,1914.0,1784.0,4652.0
727,San Mateo,Portola Valley,2017,1914.0,1784.0,4651.0
728,San Mateo,Portola Valley,2018,1917.0,1787.0,4657.0
729,San Mateo,Portola Valley,2019,1919.0,1789.0,4659.0
730,San Mateo,Redwood City,2010,29167.0,27957.0,76815.0
731,San Mateo,Redwood City,2011,29302.0,28073.0,77789.0
732,San Mateo,Redwood City,2012,29465.0,28283.0,79084.0
733,San Mateo,Redwood City,2013,29517.0,28477.0,80647.0
734,San Mateo,Redwood City,2014,29889.0,28732.0,81781.0
735,San Mateo,Redwood City,2015,30072.0,28857.0,82662.0
736,San Mateo,Redwood City,2016,30651.0,29413.0,84161.0
737,San Mateo,Redwood City,2017,30661.0,29422.0,84273.0
738,San Mateo,Redwood City,2018,30693.0,29451.0,84444.0
739,San Mateo,Redwood City,2019,31100.0,29842.0,85319.0
740,San Mateo,San Bruno,2010,15356.0,14701.0,41114.0
741,San Mateo,San Bruno,2011,15516.0,14883.0,42031.0
742,San Mateo,San Bruno,2012,15692.0,15078.0,43007.0
743,San Mateo,San Bruno,2013,15717.0,15171.0,43763.0
744,San Mateo,San Bruno,2014,15723.0,15128.0,43861.0
745,San Mateo,San Bruno,2015,16049.0,15417.0,44965.0
746,San Mateo,San Bruno,2016,16051.0,15477.0,45238.0
747,San Mateo,San Bruno,2017,16062.0,15488.0,45258.0
748,San Mateo,San Bruno,2018,16062.0,15489.0,45255.0
749,San Mateo,San Bruno,2019,16075.0,15502.0,45257.0
750,San Mateo,San Carlos,2010,12018.0,11524.0,28406.0
751,San Mateo,San Carlos,2011,12019.0,11535.0,28717.0
752,San Mateo,San Carlos,2012,12022.0,11515.0,28961.0
753,San Mateo,San Carlos,2013,12023.0,11455.0,29141.0
754,San Mateo,San Carlos,2014,12036.0,11511.0,29432.0
755,San Mateo,San Carlos,2015,12048.0,11544.0,29696.0
756,San Mateo,San Carlos,2016,12052.0,11548.0,29773.0
757,San Mateo,San Carlos,2017,12063.0,11559.0,29794.0
758,San Mateo,San Carlos,2018,12079.0,11575.0,29832.0
759,San Mateo,San Carlos,2019,12095.0,11590.0,29864.0
760,San Mateo,San Mateo,2010,40014.0,38233.0,97207.0
761,San Mateo,San Mateo,2011,40038.0,38286.0,98301.0
762,San Mateo,San Mateo,2012,40039.0,38255.0,99215.0
763,San Mateo,San Mateo,2013,40060.0,38188.0,100168.0
764,San Mateo,San Mateo,2014,40130.0,38317.0,101010.0
765,San Mateo,San Mateo,2015,40387.0,38593.0,102346.0
766,San Mateo,San Mateo,2016,40804.0,38919.0,103424.0
767,San Mateo,San Mateo,2017,40953.0,39061.0,103769.0
768,San Mateo,San Mateo,2018,41250.0,39343.0,104497.0
769,San Mateo,San Mateo,2019,41339.0,39428.0,104570.0
770,San Mateo,South San Francisco,2010,21814.0,20938.0,63632.0
771,San Mateo,South San Francisco,2011,21815.0,20920.0,64209.0
772,San Mateo,South San Francisco,2012,21813.0,20903.0,64809.0
773,San Mateo,South San Francisco,2013,21933.0,21017.0,65901.0
774,San Mateo,South San Francisco,2014,21935.0,21048.0,66333.0
775,San Mateo,South San Francisco,2015,21947.0,21074.0,66819.0
776,San Mateo,South San Francisco,2016,21987.0,21079.0,66981.0
777,San Mateo,South San Francisco,2017,21995.0,21087.0,66990.0
778,San Mateo,South San Francisco,2018,22019.0,21109.0,67054.0
779,San Mateo,South San Francisco,2019,22059.0,21147.0,67078.0
780,San Mateo,Unincorporated,2010,22505.0,21059.0,61611.0
781,San Mateo,Unincorporated,2011,22522.0,21068.0,62982.0
782,San Mateo,Unincorporated,2012,22562.0,21109.0,63658.0
783,San Mateo,Unincorporated,2013,22583.0,21137.0,64461.0
784,San Mateo,Unincorporated,2014,22587.0,21135.0,64787.0
785,San Mateo,Unincorporated,2015,22589.0,21134.0,65174.0
786,San Mateo,Unincorporated,2016,22648.0,21196.0,65457.0
787,San Mateo,Unincorporated,2017,22683.0,21230.0,65572.0
788,San Mateo,Unincorporated,2018,22762.0,21299.0,65767.0
789,San Mateo,Unincorporated,2019,22886.0,21415.0,66027.0
790,San Mateo,Woodside,2010,2157.0,1977.0,5287.0
791,San Mateo,Woodside,2011,2161.0,1980.0,5348.0
792,San Mateo,Woodside,2012,2174.0,1990.0,5431.0
793,San Mateo,Woodside,2013,2180.0,1991.0,5496.0
794,San Mateo,Woodside,2014,2183.0,1997.0,5540.0
795,San Mateo,Woodside,2015,2185.0,2000.0,5583.0
796,San Mateo,Woodside,2016,2193.0,2004.0,5605.0
797,San Mateo,Woodside,2017,2197.0,2008.0,5614.0
798,San Mateo,Woodside,2018,2200.0,2013.0,5628.0
799,San Mateo,Woodside,2019,2198.0,2011.0,5615.0
800,Santa Clara,Campbell,2010,16950.0,16163.0,39349.0
801,Santa Clara,Campbell,2011,16968.0,16151.0,39792.0
802,Santa Clara,Campbell,2012,16977.0,16129.0,40080.0
803,Santa Clara,Campbell,2013,17031.0,16097.0,40384.0
804,Santa Clara,Campbell,2014,17604.0,16700.0,42055.0
805,Santa Clara,Campbell,2015,17619.0,16744.0,42236.0
806,Santa Clara,Campbell,2016,17793.0,16838.0,42500.0
807,Santa Clara,Campbell,2017,17832.0,16876.0,42647.0
808,Santa Clara,Campbell,2018,17868.0,16961.0,42767.0
809,Santa Clara,Campbell,2019,18096.0,17177.0,43250.0
810,Santa Clara,Cupertino,2010,21027.0,20181.0,58302.0
811,Santa Clara,Cupertino,2011,21041.0,20197.0,59048.0
812,Santa Clara,Cupertino,2012,21036.0,20140.0,59389.0
813,Santa Clara,Cupertino,2013,21041.0,20004.0,59553.0
814,Santa Clara,Cupertino,2014,21037.0,20000.0,59776.0
815,Santa Clara,Cupertino,2015,21054.0,20065.0,60069.0
816,Santa Clara,Cupertino,2016,21052.0,20063.0,60103.0
817,Santa Clara,Cupertino,2017,21064.0,20075.0,60213.0
818,Santa Clara,Cupertino,2018,21031.0,20044.0,59988.0
819,Santa Clara,Cupertino,2019,21022.0,20035.0,59879.0
820,Santa Clara,Gilroy,2010,14854.0,14175.0,48821.0
821,Santa Clara,Gilroy,2011,14924.0,14229.0,49587.0
822,Santa Clara,Gilroy,2012,15087.0,14413.0,50645.0
823,Santa Clara,Gilroy,2013,15358.0,14749.0,52297.0
824,Santa Clara,Gilroy,2014,15533.0,14861.0,52896.0
825,Santa Clara,Gilroy,2015,15774.0,15064.0,53697.0
826,Santa Clara,Gilroy,2016,15935.0,15284.0,54506.0
827,Santa Clara,Gilroy,2017,16258.0,15451.0,55160.0
828,Santa Clara,Gilroy,2018,16372.0,15511.0,55252.0
829,Santa Clara,Gilroy,2019,16598.0,15725.0,55928.0
830,Santa Clara,Incorporated,2010,602234.0,576124.0,1691682.0
831,Santa Clara,Incorporated,2011,605069.0,578838.0,1719366.0
832,Santa Clara,Incorporated,2012,608664.0,582588.0,1746074.0
833,Santa Clara,Incorporated,2013,611383.0,586038.0,1773448.0
834,Santa Clara,Incorporated,2014,616731.0,590476.0,1794682.0
835,Santa Clara,Incorporated,2015,624027.0,597181.0,1818465.0
836,Santa Clara,Incorporated,2016,629383.0,603165.0,1837209.0
837,Santa Clara,Incorporated,2017,633831.0,605888.0,1847660.0
838,Santa Clara,Incorporated,2018,639922.0,611163.0,1859462.0
839,Santa Clara,Incorporated,2019,643341.0,614420.0,1865918.0
840,Santa Clara,Los Altos,2010,11204.0,10745.0,28976.0
841,Santa Clara,Los Altos,2011,11204.0,10732.0,29289.0
842,Santa Clara,Los Altos,2012,11258.0,10782.0,29678.0
843,Santa Clara,Los Altos,2013,11274.0,10794.0,29994.0
844,Santa Clara,Los Altos,2014,11278.0,10800.0,30131.0
845,Santa Clara,Los Altos,2015,11350.0,10870.0,30376.0
846,Santa Clara,Los Altos,2016,11606.0,11112.0,31069.0
847,Santa Clara,Los Altos,2017,11660.0,11170.0,31270.0
848,Santa Clara,Los Altos,2018,11669.0,11178.0,31225.0
849,Santa Clara,Los Altos,2019,11672.0,11181.0,31190.0
850,Santa Clara,Los Altos Hills,2010,3001.0,2829.0,7922.0
851,Santa Clara,Los Altos Hills,2011,3002.0,2833.0,8027.0
852,Santa Clara,Los Altos Hills,2012,3005.0,2828.0,8083.0
853,Santa Clara,Los Altos Hills,2013,3064.0,2863.0,8261.0
854,Santa Clara,Los Altos Hills,2014,3080.0,2892.0,8378.0
855,Santa Clara,Los Altos Hills,2015,3088.0,2907.0,8434.0
856,Santa Clara,Los Altos Hills,2016,3093.0,2912.0,8453.0
857,Santa Clara,Los Altos Hills,2017,3108.0,2962.0,8608.0
858,Santa Clara,Los Altos Hills,2018,3143.0,3007.0,8720.0
859,Santa Clara,Los Altos Hills,2019,3171.0,3034.0,8785.0
860,Santa Clara,Los Gatos,2010,13050.0,12355.0,29413.0
861,Santa Clara,Los Gatos,2011,13067.0,12370.0,29800.0
862,Santa Clara,Los Gatos,2012,13091.0,12380.0,30081.0
863,Santa Clara,Los Gatos,2013,13135.0,12388.0,30387.0
864,Santa Clara,Los Gatos,2014,13185.0,12459.0,30680.0
865,Santa Clara,Los Gatos,2015,13228.0,12511.0,30858.0
866,Santa Clara,Los Gatos,2016,13251.0,12505.0,30864.0
867,Santa Clara,Los Gatos,2017,13289.0,12541.0,30992.0
868,Santa Clara,Los Gatos,2018,13299.0,12570.0,30995.0
869,Santa Clara,Los Gatos,2019,13314.0,12584.0,30988.0
870,Santa Clara,Milpitas,2010,19806.0,19184.0,66790.0
871,Santa Clara,Milpitas,2011,19880.0,19233.0,66979.0
872,Santa Clara,Milpitas,2012,19889.0,19248.0,67483.0
873,Santa Clara,Milpitas,2013,19925.0,19300.0,68457.0
874,Santa Clara,Milpitas,2014,20242.0,19594.0,70508.0
875,Santa Clara,Milpitas,2015,21039.0,20359.0,73412.0
876,Santa Clara,Milpitas,2016,21450.0,20772.0,74492.0
877,Santa Clara,Milpitas,2017,21532.0,20818.0,74721.0
878,Santa Clara,Milpitas,2018,21643.0,20914.0,74980.0
879,Santa Clara,Milpitas,2019,22027.0,21285.0,76231.0
880,Santa Clara,Monte Sereno,2010,1287.0,1211.0,3341.0
881,Santa Clara,Monte Sereno,2011,1287.0,1210.0,3379.0
882,Santa Clara,Monte Sereno,2012,1284.0,1199.0,3378.0
883,Santa Clara,Monte Sereno,2013,1289.0,1204.0,3424.0
884,Santa Clara,Monte Sereno,2014,1293.0,1223.0,3493.0
885,Santa Clara,Monte Sereno,2015,1299.0,1236.0,3537.0
886,Santa Clara,Monte Sereno,2016,1305.0,1242.0,3555.0
887,Santa Clara,Monte Sereno,2017,1311.0,1248.0,3576.0
888,Santa Clara,Monte Sereno,2018,1330.0,1279.0,3657.0
889,Santa Clara,Monte Sereno,2019,1379.0,1326.0,3787.0
890,Santa Clara,Morgan Hill,2010,12859.0,12326.0,37882.0
891,Santa Clara,Morgan Hill,2011,12915.0,12382.0,38506.0
892,Santa Clara,Morgan Hill,2012,13129.0,12607.0,39536.0
893,Santa Clara,Morgan Hill,2013,13319.0,12844.0,40655.0
894,Santa Clara,Morgan Hill,2014,13617.0,13092.0,41596.0
895,Santa Clara,Morgan Hill,2015,13868.0,13314.0,42364.0
896,Santa Clara,Morgan Hill,2016,14214.0,13694.0,43592.0
897,Santa Clara,Morgan Hill,2017,14415.0,13785.0,43934.0
898,Santa Clara,Morgan Hill,2018,14722.0,14044.0,44653.0
899,Santa Clara,Morgan Hill,2019,15105.0,14409.0,45742.0
900,Santa Clara,Mountain View,2010,33881.0,31957.0,74066.0
901,Santa Clara,Mountain View,2011,33945.0,31919.0,74869.0
902,Santa Clara,Mountain View,2012,34028.0,32012.0,75736.0
903,Santa Clara,Mountain View,2013,34136.0,32155.0,76802.0
904,Santa Clara,Mountain View,2014,34173.0,32161.0,77126.0
905,Santa Clara,Mountain View,2015,34807.0,32743.0,78648.0
906,Santa Clara,Mountain View,2016,35239.0,33184.0,79760.0
907,Santa Clara,Mountain View,2017,35595.0,33444.0,80484.0
908,Santa Clara,Mountain View,2018,35841.0,33650.0,80800.0
909,Santa Clara,Mountain View,2019,36422.0,34195.0,81992.0
910,Santa Clara,Palo Alto,2010,28216.0,26493.0,64403.0
911,Santa Clara,Palo Alto,2011,28257.0,26551.0,65315.0
912,Santa Clara,Palo Alto,2012,28380.0,26720.0,66292.0
913,Santa Clara,Palo Alto,2013,28457.0,26936.0,67461.0
914,Santa Clara,Palo Alto,2014,28546.0,26917.0,67594.0
915,Santa Clara,Palo Alto,2015,28674.0,26988.0,67910.0
916,Santa Clara,Palo Alto,2016,28919.0,27339.0,68832.0
917,Santa Clara,Palo Alto,2017,29124.0,27532.0,69397.0
918,Santa Clara,Palo Alto,2018,29189.0,27592.0,69395.0
919,Santa Clara,Palo Alto,2019,29228.0,27629.0,69397.0
920,Santa Clara,San Jose,2010,314038.0,301366.0,945942.0
921,Santa Clara,San Jose,2011,316123.0,303432.0,963666.0
922,Santa Clara,San Jose,2012,318566.0,306028.0,980754.0
923,Santa Clara,San Jose,2013,319625.0,307721.0,995657.0
924,Santa Clara,San Jose,2014,323203.0,310679.0,1008841.0
925,Santa Clara,San Jose,2015,327652.0,314716.0,1023285.0
926,Santa Clara,San Jose,2016,329824.0,317377.0,1032423.0
927,Santa Clara,San Jose,2017,332574.0,318794.0,1038271.0
928,Santa Clara,San Jose,2018,335164.0,320864.0,1042900.0
929,Santa Clara,San Jose,2019,335887.0,321556.0,1043058.0
930,Santa Clara,Santa Clara,2010,45147.0,43021.0,116468.0
931,Santa Clara,Santa Clara,2011,45503.0,43400.0,118844.0
932,Santa Clara,Santa Clara,2012,45536.0,43502.0,120121.0
933,Santa Clara,Santa Clara,2013,45662.0,43812.0,122087.0
934,Santa Clara,Santa Clara,2014,45770.0,43780.0,122475.0
935,Santa Clara,Santa Clara,2015,45828.0,43770.0,122647.0
936,Santa Clara,Santa Clara,2016,46458.0,44531.0,124807.0
937,Santa Clara,Santa Clara,2017,46535.0,44607.0,125167.0
938,Santa Clara,Santa Clara,2018,48144.0,46033.0,128789.0
939,Santa Clara,Santa Clara,2019,48183.0,46070.0,128717.0
940,Santa Clara,Saratoga,2010,11123.0,10734.0,29926.0
941,Santa Clara,Saratoga,2011,11146.0,10760.0,30359.0
942,Santa Clara,Saratoga,2012,11153.0,10768.0,30644.0
943,Santa Clara,Saratoga,2013,11169.0,10787.0,30992.0
944,Santa Clara,Saratoga,2014,11172.0,10787.0,31115.0
945,Santa Clara,Saratoga,2015,11186.0,10799.0,31202.0
946,Santa Clara,Saratoga,2016,11213.0,10828.0,31308.0
947,Santa Clara,Saratoga,2017,11226.0,10834.0,31364.0
948,Santa Clara,Saratoga,2018,11265.0,10869.0,31397.0
949,Santa Clara,Saratoga,2019,11284.0,10887.0,31407.0
950,Santa Clara,Sunnyvale,2010,55791.0,53384.0,140081.0
951,Santa Clara,Sunnyvale,2011,55807.0,53439.0,141906.0
952,Santa Clara,Sunnyvale,2012,56245.0,53832.0,144174.0
953,Santa Clara,Sunnyvale,2013,56898.0,54384.0,147037.0
954,Santa Clara,Sunnyvale,2014,56998.0,54531.0,148018.0
955,Santa Clara,Sunnyvale,2015,57561.0,55095.0,149790.0
956,Santa Clara,Sunnyvale,2016,58031.0,55484.0,150945.0
957,Santa Clara,Sunnyvale,2017,58308.0,55751.0,151856.0
958,Santa Clara,Sunnyvale,2018,59242.0,56647.0,153944.0
959,Santa Clara,Sunnyvale,2019,59953.0,57327.0,155567.0
960,Santa Clara,Unincorporated,2010,29686.0,28080.0,89960.0
961,Santa Clara,Unincorporated,2011,28074.0,26564.0,86401.0
962,Santa Clara,Unincorporated,2012,28084.0,26521.0,86909.0
963,Santa Clara,Unincorporated,2013,28063.0,26368.0,87239.0
964,Santa Clara,Unincorporated,2014,27960.0,26365.0,87548.0
965,Santa Clara,Unincorporated,2015,27980.0,26409.0,88046.0
966,Santa Clara,Unincorporated,2016,27977.0,26407.0,88097.0
967,Santa Clara,Unincorporated,2017,28044.0,26470.0,88392.0
968,Santa Clara,Unincorporated,2018,28048.0,26552.0,88336.0
969,Santa Clara,Unincorporated,2019,28098.0,26599.0,88368.0
970,Solano,Benicia,2010,11306.0,10686.0,26997.0
971,Solano,Benicia,2011,11316.0,10695.0,26944.0
972,Solano,Benicia,2012,11327.0,10719.0,27118.0
973,Solano,Benicia,2013,11326.0,10756.0,27242.0
974,Solano,Benicia,2014,11327.0,10730.0,27369.0
975,Solano,Benicia,2015,11329.0,10719.0,27559.0
976,Solano,Benicia,2016,11331.0,10720.0,27589.0
977,Solano,Benicia,2017,11332.0,10655.0,27600.0
978,Solano,Benicia,2018,11341.0,10663.0,27641.0
979,Solano,Benicia,2019,11344.0,10666.0,27570.0
980,Solano,Dixon,2010,6172.0,5856.0,18351.0
981,Solano,Dixon,2011,6178.0,5848.0,18274.0
982,Solano,Dixon,2012,6178.0,5862.0,18394.0
983,Solano,Dixon,2013,6178.0,5900.0,18535.0
984,Solano,Dixon,2014,6297.0,5986.0,18938.0
985,Solano,Dixon,2015,6297.0,5973.0,19047.0
986,Solano,Dixon,2016,6328.0,6035.0,19262.0
987,Solano,Dixon,2017,6389.0,6024.0,19354.0
988,Solano,Dixon,2018,6468.0,6075.0,19533.0
989,Solano,Dixon,2019,6573.0,6174.0,19794.0
990,Solano,Fairfield,2010,37184.0,34484.0,105321.0
991,Solano,Fairfield,2011,37384.0,34908.0,106173.0
992,Solano,Fairfield,2012,37547.0,35173.0,107418.0
993,Solano,Fairfield,2013,37819.0,35733.0,109325.0
994,Solano,Fairfield,2014,38045.0,35945.0,110768.0
995,Solano,Fairfield,2015,38404.0,36140.0,112137.0
996,Solano,Fairfield,2016,38682.0,36403.0,112820.0
997,Solano,Fairfield,2017,39237.0,36926.0,115311.0
998,Solano,Fairfield,2018,39599.0,37124.0,115966.0
999,Solano,Fairfield,2019,39847.0,37344.0,117149.0
1000,Solano,Incorporated,2010,145253.0,135049.0,394510.0
1001,Solano,Incorporated,2011,145739.0,135820.0,395456.0
1002,Solano,Incorporated,2012,146152.0,136420.0,398266.0
1003,Solano,Incorporated,2013,146647.0,137455.0,401317.0
1004,Solano,Incorporated,2014,147306.0,137875.0,404992.0
1005,Solano,Incorporated,2015,147957.0,138081.0,408465.0
1006,Solano,Incorporated,2016,148879.0,139138.0,411945.0
1007,Solano,Incorporated,2017,150041.0,139873.0,417247.0
1008,Solano,Incorporated,2018,151258.0,140770.0,419534.0
1009,Solano,Incorporated,2019,152037.0,141481.0,421727.0
1010,Solano,Rio Vista,2010,3890.0,3454.0,7360.0
1011,Solano,Rio Vista,2011,3914.0,3479.0,7394.0
1012,Solano,Rio Vista,2012,3940.0,3507.0,7484.0
1013,Solano,Rio Vista,2013,4000.0,3573.0,7633.0
1014,Solano,Rio Vista,2014,4132.0,3682.0,7922.0
1015,Solano,Rio Vista,2015,4232.0,3767.0,8169.0
1016,Solano,Rio Vista,2016,4383.0,3912.0,8492.0
1017,Solano,Rio Vista,2017,4546.0,4033.0,8812.0
1018,Solano,Rio Vista,2018,4692.0,4154.0,9083.0
1019,Solano,Rio Vista,2019,4878.0,4319.0,9416.0
1020,Solano,Suisun City,2010,9454.0,8918.0,28111.0
1021,Solano,Suisun City,2011,9454.0,8931.0,28075.0
1022,Solano,Suisun City,2012,9454.0,8958.0,28278.0
1023,Solano,Suisun City,2013,9454.0,9031.0,28541.0
1024,Solano,Suisun City,2014,9459.0,8983.0,28592.0
1025,Solano,Suisun City,2015,9493.0,8990.0,28842.0
1026,Solano,Suisun City,2016,9493.0,9051.0,29065.0
1027,Solano,Suisun City,2017,9514.0,9071.0,29320.0
1028,Solano,Suisun City,2018,9549.0,9104.0,29448.0
1029,Solano,Suisun City,2019,9559.0,9114.0,29447.0
1030,Solano,Unincorporated,2010,7445.0,6709.0,18834.0
1031,Solano,Unincorporated,2011,7453.0,6720.0,18828.0
1032,Solano,Unincorporated,2012,7460.0,6737.0,18944.0
1033,Solano,Unincorporated,2013,7464.0,6766.0,19033.0
1034,Solano,Unincorporated,2014,7476.0,6756.0,19153.0
1035,Solano,Unincorporated,2015,7483.0,6752.0,19279.0
1036,Solano,Unincorporated,2016,7496.0,6789.0,19401.0
1037,Solano,Unincorporated,2017,7514.0,6805.0,19554.0
1038,Solano,Unincorporated,2018,7528.0,6801.0,19568.0
1039,Solano,Unincorporated,2019,7549.0,6820.0,19580.0
1040,Solano,Vacaville,2010,32814.0,31092.0,92428.0
1041,Solano,Vacaville,2011,33020.0,31304.0,92485.0
1042,Solano,Vacaville,2012,33158.0,31475.0,92771.0
1043,Solano,Vacaville,2013,33286.0,31705.0,92972.0
1044,Solano,Vacaville,2014,33409.0,31745.0,93392.0
1045,Solano,Vacaville,2015,33564.0,31855.0,94236.0
1046,Solano,Vacaville,2016,34006.0,32366.0,96082.0
1047,Solano,Vacaville,2017,34317.0,32467.0,97295.0
1048,Solano,Vacaville,2018,34884.0,32937.0,98226.0
1049,Solano,Vacaville,2019,35095.0,33136.0,98807.0
1050,Solano,Vallejo,2010,44433.0,40559.0,115942.0
1051,Solano,Vallejo,2011,44473.0,40655.0,116111.0
1052,Solano,Vallejo,2012,44548.0,40726.0,116803.0
1053,Solano,Vallejo,2013,44584.0,40757.0,117069.0
1054,Solano,Vallejo,2014,44637.0,40804.0,118011.0
1055,Solano,Vallejo,2015,44638.0,40637.0,118475.0
1056,Solano,Vallejo,2016,44656.0,40651.0,118635.0
1057,Solano,Vallejo,2017,44706.0,40697.0,119555.0
1058,Solano,Vallejo,2018,44725.0,40713.0,119637.0
1059,Solano,Vallejo,2019,44741.0,40728.0,119544.0
1060,Sonoma,Cloverdale,2010,3427.0,3182.0,8618.0
1061,Sonoma,Cloverdale,2011,3427.0,3188.0,8668.0
1062,Sonoma,Cloverdale,2012,3427.0,3196.0,8707.0
1063,Sonoma,Cloverdale,2013,3427.0,3218.0,8800.0
1064,Sonoma,Cloverdale,2014,3427.0,3203.0,8810.0
1065,Sonoma,Cloverdale,2015,3427.0,3196.0,8860.0
1066,Sonoma,Cloverdale,2016,3427.0,3214.0,8918.0
1067,Sonoma,Cloverdale,2017,3459.0,3244.0,9003.0
1068,Sonoma,Cloverdale,2018,3468.0,3240.0,9141.0
1069,Sonoma,Cloverdale,2019,3481.0,3252.0,9257.0
1070,Sonoma,Cotati,2010,3143.0,2978.0,7265.0
1071,Sonoma,Cotati,2011,3144.0,2981.0,7301.0
1072,Sonoma,Cotati,2012,3144.0,2981.0,7315.0
1073,Sonoma,Cotati,2013,3144.0,2981.0,7345.0
1074,Sonoma,Cotati,2014,3145.0,2982.0,7391.0
1075,Sonoma,Cotati,2015,3145.0,2992.0,7476.0
1076,Sonoma,Cotati,2016,3146.0,2993.0,7486.0
1077,Sonoma,Cotati,2017,3150.0,2997.0,7497.0
1078,Sonoma,Cotati,2018,3180.0,3043.0,7739.0
1079,Sonoma,Cotati,2019,3209.0,3071.0,7919.0
1080,Sonoma,Healdsburg,2010,4794.0,4378.0,11254.0
1081,Sonoma,Healdsburg,2011,4862.0,4445.0,11470.0
1082,Sonoma,Healdsburg,2012,4868.0,4456.0,11522.0
1083,Sonoma,Healdsburg,2013,4874.0,4477.0,11623.0
1084,Sonoma,Healdsburg,2014,4904.0,4494.0,11736.0
1085,Sonoma,Healdsburg,2015,4926.0,4509.0,11868.0
1086,Sonoma,Healdsburg,2016,4928.0,4524.0,11918.0
1087,Sonoma,Healdsburg,2017,4937.0,4532.0,11943.0
1088,Sonoma,Healdsburg,2018,4983.0,4565.0,12232.0
1089,Sonoma,Healdsburg,2019,5025.0,4603.0,12501.0
1090,Sonoma,Incorporated,2010,136605.0,128874.0,338515.0
1091,Sonoma,Incorporated,2011,136748.0,129049.0,340057.0
1092,Sonoma,Incorporated,2012,137144.0,129645.0,342320.0
1093,Sonoma,Incorporated,2013,137486.0,130555.0,346124.0
1094,Sonoma,Incorporated,2014,138020.0,130632.0,348400.0
1095,Sonoma,Incorporated,2015,138459.0,130849.0,351653.0
1096,Sonoma,Incorporated,2016,138865.0,131446.0,353645.0
1097,Sonoma,Incorporated,2017,139412.0,131963.0,355078.0
1098,Sonoma,Incorporated,2018,139027.0,131266.0,359145.0
1099,Sonoma,Incorporated,2019,140169.0,132346.0,358894.0
1100,Sonoma,Petaluma,2010,22736.0,21737.0,57941.0
1101,Sonoma,Petaluma,2011,22759.0,21723.0,58123.0
1102,Sonoma,Petaluma,2012,22796.0,21789.0,58412.0
1103,Sonoma,Petaluma,2013,22943.0,22013.0,59241.0
1104,Sonoma,Petaluma,2014,23097.0,22101.0,59829.0
1105,Sonoma,Petaluma,2015,23101.0,22076.0,60237.0
1106,Sonoma,Petaluma,2016,23206.0,22246.0,60757.0
1107,Sonoma,Petaluma,2017,23342.0,22376.0,61124.0
1108,Sonoma,Petaluma,2018,23435.0,22416.0,62251.0
1109,Sonoma,Petaluma,2019,23543.0,22519.0,62247.0
1110,Sonoma,Rohnert Park,2010,16551.0,15808.0,40794.0
1111,Sonoma,Rohnert Park,2011,16551.0,15817.0,40795.0
1112,Sonoma,Rohnert Park,2012,16551.0,15847.0,40953.0
1113,Sonoma,Rohnert Park,2013,16551.0,15927.0,41328.0
1114,Sonoma,Rohnert Park,2014,16551.0,15870.0,41427.0
1115,Sonoma,Rohnert Park,2015,16551.0,15842.0,41687.0
1116,Sonoma,Rohnert Park,2016,16576.0,15932.0,41969.0
1117,Sonoma,Rohnert Park,2017,16597.0,15952.0,42034.0
1118,Sonoma,Rohnert Park,2018,16816.0,16115.0,43178.0
1119,Sonoma,Rohnert Park,2019,17067.0,16356.0,43339.0
1120,Sonoma,Santa Rosa,2010,67396.0,63590.0,167815.0
1121,Sonoma,Santa Rosa,2011,67448.0,63681.0,168674.0
1122,Sonoma,Santa Rosa,2012,67730.0,64086.0,170065.0
1123,Sonoma,Santa Rosa,2013,67906.0,64626.0,172206.0
1124,Sonoma,Santa Rosa,2014,68169.0,64609.0,173232.0
1125,Sonoma,Santa Rosa,2015,68551.0,64841.0,175154.0
1126,Sonoma,Santa Rosa,2016,68803.0,65082.0,176005.0
1127,Sonoma,Santa Rosa,2017,69114.0,65375.0,176790.0
1128,Sonoma,Santa Rosa,2018,68265.0,64353.0,177017.0
1129,Sonoma,Santa Rosa,2019,68927.0,64977.0,175625.0
1130,Sonoma,Sebastopol,2010,3465.0,3276.0,7379.0
1131,Sonoma,Sebastopol,2011,3467.0,3281.0,7418.0
1132,Sonoma,Sebastopol,2012,3473.0,3291.0,7455.0
1133,Sonoma,Sebastopol,2013,3476.0,3305.0,7517.0
1134,Sonoma,Sebastopol,2014,3485.0,3305.0,7563.0
1135,Sonoma,Sebastopol,2015,3489.0,3305.0,7622.0
1136,Sonoma,Sebastopol,2016,3492.0,3317.0,7658.0
1137,Sonoma,Sebastopol,2017,3495.0,3320.0,7666.0
1138,Sonoma,Sebastopol,2018,3509.0,3326.0,7808.0
1139,Sonoma,Sebastopol,2019,3517.0,3334.0,7885.0
1140,Sonoma,Sonoma,2010,5544.0,4955.0,10648.0
1141,Sonoma,Sonoma,2011,5546.0,4962.0,10703.0
1142,Sonoma,Sonoma,2012,5546.0,4952.0,10704.0
1143,Sonoma,Sonoma,2013,5555.0,4960.0,10764.0
1144,Sonoma,Sonoma,2014,5610.0,5028.0,10972.0
1145,Sonoma,Sonoma,2015,5635.0,5060.0,11126.0
1146,Sonoma,Sonoma,2016,5645.0,5069.0,11157.0
1147,Sonoma,Sonoma,2017,5658.0,5081.0,11185.0
1148,Sonoma,Sonoma,2018,5668.0,5105.0,11423.0
1149,Sonoma,Sonoma,2019,5687.0,5122.0,11556.0
1150,Sonoma,Unincorporated,2010,67967.0,56951.0,145363.0
1151,Sonoma,Unincorporated,2011,68090.0,57000.0,146530.0
1152,Sonoma,Unincorporated,2012,68219.0,57002.0,147158.0
1153,Sonoma,Unincorporated,2013,68379.0,56852.0,147330.0
1154,Sonoma,Unincorporated,2014,68517.0,56972.0,148487.0
1155,Sonoma,Unincorporated,2015,68443.0,56915.0,149229.0
1156,Sonoma,Unincorporated,2016,68541.0,56989.0,149488.0
1157,Sonoma,Unincorporated,2017,68641.0,57070.0,149781.0
1158,Sonoma,Unincorporated,2018,64552.0,53822.0,143721.0
1159,Sonoma,Unincorporated,2019,64807.0,54038.0,141781.0
1160,Sonoma,Windsor,2010,9549.0,8970.0,26801.0
1161,Sonoma,Windsor,2011,9544.0,8971.0,26905.0
1162,Sonoma,Windsor,2012,9609.0,9047.0,27187.0
1163,Sonoma,Windsor,2013,9610.0,9048.0,27300.0
1164,Sonoma,Windsor,2014,9632.0,9040.0,27440.0
1165,Sonoma,Windsor,2015,9634.0,9028.0,27623.0
1166,Sonoma,Windsor,2016,9642.0,9069.0,27777.0
1167,Sonoma,Windsor,2017,9660.0,9086.0,27836.0
1168,Sonoma,Windsor,2018,9703.0,9103.0,28356.0
1169,Sonoma,Windsor,2019,9713.0,9112.0,28565.0
